batch_index,Div,league_name,match_date_iso,Time,HomeTeam,AwayTeam,source_row_index,source_url,match_key_sha256
1,SP1,Spain La Liga,2024-08-15,18:00,Ath Bilbao,Getafe,0,https://www.football-data.co.uk/mmz4281/2425/SP1.csv,cf58feaebde1239dec9c34be4ca7652c2c1e05513869717c7e25071a2f26ea23
2,SP1,Spain La Liga,2024-08-15,20:30,Betis,Girona,1,https://www.football-data.co.uk/mmz4281/2425/SP1.csv,ce21d439b08eee0744e8867c454986db6c70446a942ece0bebd47d6b46729b03
3,E0,England Premier League,2024-08-16,20:00,Man United,Fulham,0,https://www.football-data.co.uk/mmz4281/2425/E0.csv,138098bb09365eaca59c7c7dc87660eeac4c618897d06f205bf0497569fdf90d
4,SP1,Spain La Liga,2024-08-16,18:00,Celta,Alaves,2,https://www.football-data.co.uk/mmz4281/2425/SP1.csv,19cc1d8fd65414af7ebbfa7b392b7612e4da0cb53a4e3cf989805de49581397a
5,SP1,Spain La Liga,2024-08-16,20:30,Las Palmas,Sevilla,3,https://www.football-data.co.uk/mmz4281/2425/SP1.csv,5da7d54f1310f6c4997739d897db525bbd859a1cd08e9eed175751c90c4fdc6c
6,F1,France Ligue 1,2024-08-16,19:45,Le Havre,Paris SG,0,https://www.football-data.co.uk/mmz4281/2425/F1.csv,51ddbad40a549a7659f0042bdebaba379418a9b1369e680d94527c98dd39f082
7,E0,England Premier League,2024-08-17,12:30,Ipswich,Liverpool,1,https://www.football-data.co.uk/mmz4281/2425/E0.csv,94a987566078bd7f3ee19b393c4863dabd306b4b1601abe83c8fe1370554af26
8,E0,England Premier League,2024-08-17,15:00,Arsenal,Wolves,2,https://www.football-data.co.uk/mmz4281/2425/E0.csv,f80f92d5450b2bc38dc9ef5a94859dad0432cdc2f540c814202cb24103e6aed8
9,E0,England Premier League,2024-08-17,15:00,Everton,Brighton,3,https://www.football-data.co.uk/mmz4281/2425/E0.csv,9fd108be9e2c7e9dbfa051a05d896d0bddfe426ccfce50dc5506df5958067b94
10,E0,England Premier League,2024-08-17,15:00,Newcastle,Southampton,4,https://www.football-data.co.uk/mmz4281/2425/E0.csv,4e9495402f5cee6f7e0fbdc395df34a2733a4b7c4304b31635849614c0fd67a0
11,E0,England Premier League,2024-08-17,15:00,Nott'm Forest,Bournemouth,5,https://www.football-data.co.uk/mmz4281/2425/E0.csv,980988c6aeea5d9304c0848b9554fcafd8bd245ef54be600967d56ca8c7dba3d
12,E0,England Premier League,2024-08-17,17:30,West Ham,Aston Villa,6,https://www.football-data.co.uk/mmz4281/2425/E0.csv,603f726d8a3411ef58ae3f6c8a07be8a080eb209a2a03fcc91d57c0ab2fe16a8
13,SP1,Spain La Liga,2024-08-17,18:00,Osasuna,Leganes,4,https://www.football-data.co.uk/mmz4281/2425/SP1.csv,c1283a615a5bacff1ab5d05d63bbaf0753970a5e300a4c8aa8207450740c06cf
14,SP1,Spain La Liga,2024-08-17,20:30,Valencia,Barcelona,5,https://www.football-data.co.uk/mmz4281/2425/SP1.csv,cd25cd21fd2a6a4b52a8bcad89895c37c2ec312141a44073e0d1e12c1ffb79bf
15,I1,Italy Serie A,2024-08-17,17:30,Genoa,Inter,0,https://www.football-data.co.uk/mmz4281/2425/I1.csv,16abd8ce84324bdaea1e2dcef7348c8768de1221ed916167ac776f583ffc06fc
16,I1,Italy Serie A,2024-08-17,17:30,Parma,Fiorentina,1,https://www.football-data.co.uk/mmz4281/2425/I1.csv,f9155df3f91d694f5d44dfd108b9f854c11cb085c38d9f0206d2f4d6e9b34d5f
17,I1,Italy Serie A,2024-08-17,19:45,Empoli,Monza,2,https://www.football-data.co.uk/mmz4281/2425/I1.csv,7db3e694031f04c05eebd9a25eac96c9c3acb355f0481857873d38241ae8b5c8
18,I1,Italy Serie A,2024-08-17,19:45,Milan,Torino,3,https://www.football-data.co.uk/mmz4281/2425/I1.csv,d80f9122428c8e0eae74d955c97eb5c1e1a8492ce9a9d0d71156059a272b630f
19,F1,France Ligue 1,2024-08-17,16:00,Brest,Marseille,1,https://www.football-data.co.uk/mmz4281/2425/F1.csv,6073a398697697093404dd9519550beaaffffca00bc8ed61faff0ee3b211efda
20,F1,France Ligue 1,2024-08-17,18:00,Reims,Lille,2,https://www.football-data.co.uk/mmz4281/2425/F1.csv,6067e5c00924709520ab0d997147fe94733d9190e3e7bf9131e5cb430ad3f54e
21,F1,France Ligue 1,2024-08-17,20:00,Monaco,St Etienne,3,https://www.football-data.co.uk/mmz4281/2425/F1.csv,be242e4c41edad026575b41133b7099a440ddbf302f3a08df000af36a4457602
22,E0,England Premier League,2024-08-18,14:00,Brentford,Crystal Palace,7,https://www.football-data.co.uk/mmz4281/2425/E0.csv,734b3e0a1fff9fa3cf759ac873d7622d84d59148214d98fa9979c15bc73a17d3
23,E0,England Premier League,2024-08-18,16:30,Chelsea,Man City,8,https://www.football-data.co.uk/mmz4281/2425/E0.csv,8cc9c600d22541e41b82015d7b8e96166c91dc7721924ab2596106fe743a771b
24,SP1,Spain La Liga,2024-08-18,18:00,Sociedad,Vallecano,6,https://www.football-data.co.uk/mmz4281/2425/SP1.csv,94d9d04a475cbe2db34dea80fcb8e81465483fbc370df0ce276f257982ab674c
25,SP1,Spain La Liga,2024-08-18,20:30,Mallorca,Real Madrid,7,https://www.football-data.co.uk/mmz4281/2425/SP1.csv,75d390e2c703a85cd59cd6a8614d50f6821d334bb87aabec8fb941ef346675f7
26,I1,Italy Serie A,2024-08-18,17:30,Bologna,Udinese,4,https://www.football-data.co.uk/mmz4281/2425/I1.csv,4ac6dafd2059b807d7dcc25b24e22a49f04c88803e4fa3508680b9a13a708593
27,I1,Italy Serie A,2024-08-18,17:30,Verona,Napoli,5,https://www.football-data.co.uk/mmz4281/2425/I1.csv,b6ac0497c366271536771598329ce74e222d0d6e20aa345bd77dcaedccfdfc16
28,I1,Italy Serie A,2024-08-18,19:45,Cagliari,Roma,6,https://www.football-data.co.uk/mmz4281/2425/I1.csv,7aaa379dfd5fea4cd271c5559dec64536bd7d042c85fac58bb2c2dc3811bb4d4
29,I1,Italy Serie A,2024-08-18,19:45,Lazio,Venezia,7,https://www.football-data.co.uk/mmz4281/2425/I1.csv,a537b0b0a0de04d80bd139f96f54078d9407465050f1030dde163cdfd5cdb8d1
30,F1,France Ligue 1,2024-08-18,14:00,Auxerre,Nice,4,https://www.football-data.co.uk/mmz4281/2425/F1.csv,6ee26497ebf0a2b90b3530d4592b6aaf77bd0515654305e7c23586ae2f766594
31,F1,France Ligue 1,2024-08-18,16:00,Angers,Lens,5,https://www.football-data.co.uk/mmz4281/2425/F1.csv,16908b03de9605aae3b10095727dbcffe7636766fda89710f33e38d12a9393f2
32,F1,France Ligue 1,2024-08-18,16:00,Montpellier,Strasbourg,6,https://www.football-data.co.uk/mmz4281/2425/F1.csv,3271f74f7bb639b2fca38609db784b6d384e91f1f3058779356163309f4ebbb7
33,F1,France Ligue 1,2024-08-18,16:00,Toulouse,Nantes,7,https://www.football-data.co.uk/mmz4281/2425/F1.csv,876595abdfafb69ffc9294121301e03bc78b7cd65d8f2547edc615b198506100
34,F1,France Ligue 1,2024-08-18,19:45,Rennes,Lyon,8,https://www.football-data.co.uk/mmz4281/2425/F1.csv,463559ebeb7c9f512450447be64a0153ac07bf4895474c1f33105da5f2eda29d
35,E0,England Premier League,2024-08-19,20:00,Leicester,Tottenham,9,https://www.football-data.co.uk/mmz4281/2425/E0.csv,9dcc54dac2b4b87966e0f734b33d716c9c00d9679c7eb5a2e6dcb57f7ec6fc83
36,SP1,Spain La Liga,2024-08-19,18:00,Valladolid,Espanol,8,https://www.football-data.co.uk/mmz4281/2425/SP1.csv,470fa06fd9585c4733c7c7da108422c48e58689f0cc9315427c5d78260163567
37,SP1,Spain La Liga,2024-08-19,20:30,Villarreal,Ath Madrid,9,https://www.football-data.co.uk/mmz4281/2425/SP1.csv,55aa1595015e5412911b49c1a6340bfda10a6b74838cc1767f391ab0053acb3e
38,I1,Italy Serie A,2024-08-19,17:30,Lecce,Atalanta,8,https://www.football-data.co.uk/mmz4281/2425/I1.csv,704085ef6dadc789f3c0279a56a6f0ea4ac3a6ad8d714a37a5f01b92b7e88852
39,I1,Italy Serie A,2024-08-19,19:45,Juventus,Como,9,https://www.football-data.co.uk/mmz4281/2425/I1.csv,74604f749009a043b3f363ab33b5f582ee5ca865207b356ca61ed780d4fd619c
40,SP1,Spain La Liga,2024-08-23,18:00,Celta,Valencia,10,https://www.football-data.co.uk/mmz4281/2425/SP1.csv,9c60bff9b8846f1c7dfee1d6162e6804b254aa121bd44318e72f8104f27d0e33
41,SP1,Spain La Liga,2024-08-23,20:30,Sevilla,Villarreal,11,https://www.football-data.co.uk/mmz4281/2425/SP1.csv,759cbd2d9d58c298a5551c37da7619cae12e31ae1034357ed8f17b11564b3b0c
42,D1,Germany Bundesliga,2024-08-23,19:30,M'gladbach,Leverkusen,0,https://www.football-data.co.uk/mmz4281/2425/D1.csv,532d7bbb58a24ad8491999a1981b92488dcbdd416e7e339f0acd6d9ec01e129e
43,F1,France Ligue 1,2024-08-23,19:45,Paris SG,Montpellier,9,https://www.football-data.co.uk/mmz4281/2425/F1.csv,97e8b9d2a431db26c77c374a4f4da45c8ab0c331a28a762807763b96b0109602
44,E0,England Premier League,2024-08-24,12:30,Brighton,Man United,10,https://www.football-data.co.uk/mmz4281/2425/E0.csv,704567bc879c07f26716a3e5397bc94a55c676117a43f14139167d6db3e10461
45,E0,England Premier League,2024-08-24,15:00,Crystal Palace,West Ham,11,https://www.football-data.co.uk/mmz4281/2425/E0.csv,0b46bfe6b8a79cdd544ed4f2e28211406ad7ad722c5b5d1a51733e49028276c6
46,E0,England Premier League,2024-08-24,15:00,Fulham,Leicester,12,https://www.football-data.co.uk/mmz4281/2425/E0.csv,902740b534f6819a24763c92201e3cddfd31e2f1712eb9075b1d13c67e78e473
47,E0,England Premier League,2024-08-24,15:00,Man City,Ipswich,13,https://www.football-data.co.uk/mmz4281/2425/E0.csv,0384660fd2c3325598feeb48b6e97a695482cc247b78e668f0e0cfbafb8b4f33
48,E0,England Premier League,2024-08-24,15:00,Southampton,Nott'm Forest,14,https://www.football-data.co.uk/mmz4281/2425/E0.csv,47fd399e88e772f77ae8cf4ae87af8d9e754774bc0eb472795e9e73134cf7a7a
49,E0,England Premier League,2024-08-24,15:00,Tottenham,Everton,15,https://www.football-data.co.uk/mmz4281/2425/E0.csv,7b33bc446d89ac50c2e73473633339c93c0a4a47d65370447acaa2237ee00bc0
50,E0,England Premier League,2024-08-24,17:30,Aston Villa,Arsenal,16,https://www.football-data.co.uk/mmz4281/2425/E0.csv,b80f1c60c01533658bd81072ebb631bfcae63f73965571ccfb47ae1a55192e15
51,SP1,Spain La Liga,2024-08-24,16:00,Osasuna,Mallorca,12,https://www.football-data.co.uk/mmz4281/2425/SP1.csv,3f2da83f3aea2134ec3de1141f4d9a084d7d28d1ed80dbadca8fb0a0c878fd62
52,SP1,Spain La Liga,2024-08-24,18:00,Barcelona,Ath Bilbao,13,https://www.football-data.co.uk/mmz4281/2425/SP1.csv,3d38cdd2bd19cae3289465d0401604d385fde2c36375eb5dbd80f7a2243c0ea6
53,SP1,Spain La Liga,2024-08-24,20:30,Espanol,Sociedad,14,https://www.football-data.co.uk/mmz4281/2425/SP1.csv,aa4e5ec4d76a2c1f2128def3e1c929527a9a34608f814fe1ac729b0c8aa49865
54,SP1,Spain La Liga,2024-08-24,20:30,Getafe,Vallecano,15,https://www.football-data.co.uk/mmz4281/2425/SP1.csv,ba4002ba4436903376ab0589fb43c6329e72621e36a43a5378879c428c4adc54
55,I1,Italy Serie A,2024-08-24,17:30,Parma,Milan,10,https://www.football-data.co.uk/mmz4281/2425/I1.csv,a20c689d9159f6cbc14f262ea5661da20480b6dc9d659a50ce7b3312fbc3697b
56,I1,Italy Serie A,2024-08-24,17:30,Udinese,Lazio,11,https://www.football-data.co.uk/mmz4281/2425/I1.csv,e7c03ac09f6343e62cb67540ddc0d619b96d116433fb5d100d96dd36e26a9683
57,I1,Italy Serie A,2024-08-24,19:45,Inter,Lecce,12,https://www.football-data.co.uk/mmz4281/2425/I1.csv,418039ba9094b4871a4060f8308eedd21da42ace64a3bc7f75a02a64aff3e775
58,I1,Italy Serie A,2024-08-24,19:45,Monza,Genoa,13,https://www.football-data.co.uk/mmz4281/2425/I1.csv,b743e389e1c3179b7c7510ee1a44aed3ce2f425332778865a2bbb01a5279a1bc
59,D1,Germany Bundesliga,2024-08-24,14:30,Augsburg,Werder Bremen,1,https://www.football-data.co.uk/mmz4281/2425/D1.csv,4b3f926b90df8dcc0ea2b632963d74d477f64a9d6af8aa5f49797b547638f33e
60,D1,Germany Bundesliga,2024-08-24,14:30,Freiburg,Stuttgart,2,https://www.football-data.co.uk/mmz4281/2425/D1.csv,1d5d92d83c819414608b7a7ba94cb338e9fcdde7c2eaeac565bbe930538c4e92
61,D1,Germany Bundesliga,2024-08-24,14:30,Hoffenheim,Holstein Kiel,3,https://www.football-data.co.uk/mmz4281/2425/D1.csv,1c5030b92227d85173f115793384a0e04624ac5daa1b75a32397c014edf8f3b4
62,D1,Germany Bundesliga,2024-08-24,14:30,Mainz,Union Berlin,4,https://www.football-data.co.uk/mmz4281/2425/D1.csv,68999bcc7f580ab634d4571d7fc1694d1909bc2d56778f4a9b2fe2f5ebcf9c2e
63,D1,Germany Bundesliga,2024-08-24,14:30,RB Leipzig,Bochum,5,https://www.football-data.co.uk/mmz4281/2425/D1.csv,c30aa823e1676a3445db6df551790cf316cc24c2ff29606aad35d4d11f9c43cc
64,D1,Germany Bundesliga,2024-08-24,17:30,Dortmund,Ein Frankfurt,6,https://www.football-data.co.uk/mmz4281/2425/D1.csv,8584be1690a12958396eeb9448365899ca4bc2a534a710f6164b9c5b324bf394
65,F1,France Ligue 1,2024-08-24,16:00,Lyon,Monaco,10,https://www.football-data.co.uk/mmz4281/2425/F1.csv,4384bb7c97040c55e90fda402305e191e2efd27926690e46def9122165ec45ad
66,F1,France Ligue 1,2024-08-24,18:00,Lille,Angers,11,https://www.football-data.co.uk/mmz4281/2425/F1.csv,2f1fd21b909b9287207f858b1fa8e7e183a444781768f3be506715c94e401dfe
67,F1,France Ligue 1,2024-08-24,20:00,St Etienne,Le Havre,12,https://www.football-data.co.uk/mmz4281/2425/F1.csv,33af5ec9774b550565315c4c1a923c60b0b695c4d39806d776b8c891fff705e6
68,E0,England Premier League,2024-08-25,14:00,Bournemouth,Newcastle,17,https://www.football-data.co.uk/mmz4281/2425/E0.csv,809efd2ca62df7db65e8bacaa9f0b4d0a721a5d4bda43ad21de4cfaaa1dbc9e0
69,E0,England Premier League,2024-08-25,14:00,Wolves,Chelsea,18,https://www.football-data.co.uk/mmz4281/2425/E0.csv,e040f4522d9b6cb7562050baa826e45371752c70bd6dde2c40a2a36046373e6b
70,E0,England Premier League,2024-08-25,16:30,Liverpool,Brentford,19,https://www.football-data.co.uk/mmz4281/2425/E0.csv,89d6823aab62c881f41944c4a7b54f2f006321520f7bbc66aafbff417bc34786
71,SP1,Spain La Liga,2024-08-25,16:00,Real Madrid,Valladolid,16,https://www.football-data.co.uk/mmz4281/2425/SP1.csv,8cdcf204cf779b8ba484289a6d52632c57ee3a958c63599537a5894d85063fa6
72,SP1,Spain La Liga,2024-08-25,18:00,Leganes,Las Palmas,17,https://www.football-data.co.uk/mmz4281/2425/SP1.csv,b808af0734744db3b39f69e0358d27c4c29f100bd739c863042ea1612b5490da
73,SP1,Spain La Liga,2024-08-25,18:15,Alaves,Betis,18,https://www.football-data.co.uk/mmz4281/2425/SP1.csv,f23ec646297e4003919921fcc925ba9448a006d0720fc3578a1387bdc0d09f50
74,SP1,Spain La Liga,2024-08-25,20:30,Ath Madrid,Girona,19,https://www.football-data.co.uk/mmz4281/2425/SP1.csv,411f4723af457fc9063bc504ae1e7f2bb74d714059ad523bdeaeaf29fa588487
75,I1,Italy Serie A,2024-08-25,17:30,Fiorentina,Venezia,14,https://www.football-data.co.uk/mmz4281/2425/I1.csv,1334d2fd96d04402be4dee498e478f80eb6e0e20ad25e5eaf697695a4e852cb2
76,I1,Italy Serie A,2024-08-25,17:30,Torino,Atalanta,15,https://www.football-data.co.uk/mmz4281/2425/I1.csv,f6d46606b6f7bc8148292e9c3d5deb4e3d364274eea2eceecd0c9af70b2f7774
77,I1,Italy Serie A,2024-08-25,19:45,Napoli,Bologna,16,https://www.football-data.co.uk/mmz4281/2425/I1.csv,5231fa0d1c280f75b15ff62c1f01cb74f180a107cfcf1a6339a8629df59227aa
78,I1,Italy Serie A,2024-08-25,19:45,Roma,Empoli,17,https://www.football-data.co.uk/mmz4281/2425/I1.csv,a134fdd2ad4256a5fe8130f1a72a8e09fcb08eb0918a217c5d54e8d9d0093599
79,D1,Germany Bundesliga,2024-08-25,14:30,Wolfsburg,Bayern Munich,7,https://www.football-data.co.uk/mmz4281/2425/D1.csv,3830e857217b6e4b5e3cf24c4c114529c128cf2fc92bc9d274d421d6a0d79590
80,D1,Germany Bundesliga,2024-08-25,16:30,St Pauli,Heidenheim,8,https://www.football-data.co.uk/mmz4281/2425/D1.csv,b59906ae45791554d4e4f4b6c211d9653f007a2fff15550bd6b280ee1636accf
81,F1,France Ligue 1,2024-08-25,14:00,Lens,Brest,13,https://www.football-data.co.uk/mmz4281/2425/F1.csv,74eef5fcac0b08719d5acdcdb870cea4d1569266c9e73c098b31d6576c2d8af9
82,F1,France Ligue 1,2024-08-25,16:00,Nantes,Auxerre,14,https://www.football-data.co.uk/mmz4281/2425/F1.csv,502c18aa168532cdcdffd38dfeed9e9be458f6cdcac615cf667654ceee5bc078
83,F1,France Ligue 1,2024-08-25,16:00,Nice,Toulouse,15,https://www.football-data.co.uk/mmz4281/2425/F1.csv,c1fd5356a8e4080a716d8ca7aaafc6ef8784f2892063a41b0b2f0064c2e742b4
84,F1,France Ligue 1,2024-08-25,16:00,Strasbourg,Rennes,16,https://www.football-data.co.uk/mmz4281/2425/F1.csv,f9b1fd3d01fd27c0768fa64dc5e3304bc42e07ec2da6b061347abc482782cb80
85,F1,France Ligue 1,2024-08-25,19:45,Marseille,Reims,17,https://www.football-data.co.uk/mmz4281/2425/F1.csv,55c09619cd204fd10ba718949c19dbc6d054f190f530ff9e574ff09bfcaa3058
86,SP1,Spain La Liga,2024-08-26,20:30,Villarreal,Celta,20,https://www.football-data.co.uk/mmz4281/2425/SP1.csv,8c1269fedc6c6ffd5295dfdf3d2927ccc1fae71f16f8f0a20845a175dc37de33
87,I1,Italy Serie A,2024-08-26,17:30,Cagliari,Como,18,https://www.football-data.co.uk/mmz4281/2425/I1.csv,c84d7dc7f3d1752c83e86caadf138befbd0fec2b2f08616d09c72dc151644515
88,I1,Italy Serie A,2024-08-26,19:45,Verona,Juventus,19,https://www.football-data.co.uk/mmz4281/2425/I1.csv,d913be73b6a0e2067c3417f1ea104c920eaddbc05031f658a17db14a7307aa61
89,SP1,Spain La Liga,2024-08-27,18:00,Mallorca,Sevilla,21,https://www.football-data.co.uk/mmz4281/2425/SP1.csv,2dc950582c82524c429d49eb0bcbbcac98a331452efce2f412667afd7f09549c
90,SP1,Spain La Liga,2024-08-27,20:30,Vallecano,Barcelona,22,https://www.football-data.co.uk/mmz4281/2425/SP1.csv,8409cc7663c20800f7b0b4f9b0df952500c83f80d0c13deea2ef3a940740fed4
91,SP1,Spain La Liga,2024-08-28,18:00,Ath Bilbao,Valencia,23,https://www.football-data.co.uk/mmz4281/2425/SP1.csv,c563501d4d921b203f420afaf65fcea79ad9ea67de272eb05ab51e6bb8b28f70
92,SP1,Spain La Liga,2024-08-28,18:00,Valladolid,Leganes,24,https://www.football-data.co.uk/mmz4281/2425/SP1.csv,263c34dfb9c06ed545c481befbdd55191744676379318a2e41b875053fc05bb2
93,SP1,Spain La Liga,2024-08-28,20:30,Ath Madrid,Espanol,25,https://www.football-data.co.uk/mmz4281/2425/SP1.csv,b5187bd966e81ad8cfee40949d6762a3dd9fc8baf22aad39e63562cee1189343
94,SP1,Spain La Liga,2024-08-28,20:30,Sociedad,Alaves,26,https://www.football-data.co.uk/mmz4281/2425/SP1.csv,751ac95d8a34da9f3c663a3536e915691bf5705ace45badf701b3674249c1c67
95,SP1,Spain La Liga,2024-08-29,18:00,Girona,Osasuna,27,https://www.football-data.co.uk/mmz4281/2425/SP1.csv,54b2c612b1825ab43b52c21bc02b69555d7ac66889f0bd1d28285277ef55b356
96,SP1,Spain La Liga,2024-08-29,20:30,Las Palmas,Real Madrid,28,https://www.football-data.co.uk/mmz4281/2425/SP1.csv,7c357a783ae8ff52505d19c548a68eeda1badf704aadc51c8cb4c8e62beac3bd
97,I1,Italy Serie A,2024-08-30,17:30,Venezia,Torino,20,https://www.football-data.co.uk/mmz4281/2425/I1.csv,80ccb458f00a8cde4859ba702c4ee67b097e35b34f2be4997ef9e2d1d4d7e5d9
98,I1,Italy Serie A,2024-08-30,19:45,Inter,Atalanta,21,https://www.football-data.co.uk/mmz4281/2425/I1.csv,358340026ca5b9a412f2f5e2362f5026ad6f4a3ff99a0bd3defb2aa67f445803
99,D1,Germany Bundesliga,2024-08-30,19:30,Union Berlin,St Pauli,9,https://www.football-data.co.uk/mmz4281/2425/D1.csv,0e9d1e76a8b542a93ce2cedb2ed937cfddddb22bc21f6077adf30a9d8cdb956f
100,F1,France Ligue 1,2024-08-30,19:45,Lyon,Strasbourg,18,https://www.football-data.co.uk/mmz4281/2425/F1.csv,fb09a906b405fab29bf6ac55db268ede113132dca07216d3302be798cf137922
